Income,Limit,Rating,Cards,Age,Education,Debt_to_Income_Ratio,Credit_Limit_Utilization,Income_Category,Age_Category,Age_Income_Interaction,Own,Student,Married,Region,Balance
14.891,3606,283,2,34,11,22.36250084,0.09234609,Low,Young,506.294,No,No,Yes,South,333
106.025,6645,483,3,82,15,8.516859231,0.135891648,High,Retired,8694.05,Yes,Yes,Yes,West,903
104.593,7075,514,4,71,11,5.545304179,0.081978799,High,Middle-aged,7426.103,No,No,No,West,580
148.924,9504,681,3,36,11,6.473100373,0.101430976,High,Young,5361.264,Yes,No,No,West,964
55.882,4897,357,2,68,16,5.923195304,0.067592404,High,Middle-aged,3799.976,No,No,Yes,South,331
80.18,8047,569,4,77,10,14.3552008,0.143034671,High,Retired,6173.86,No,No,No,South,1151
20.996,3388,259,2,37,12,9.668508287,0.059917355,Low,Young,776.852,Yes,No,No,East,203
71.408,7114,512,2,87,9,12.21151692,0.122575204,High,Retired,6212.496,No,No,No,West,872
15.125,3300,266,5,66,13,18.44628099,0.084545455,Low,Middle-aged,998.25,Yes,No,No,South,279
71.061,6819,491,3,41,19,18.99776249,0.197976243,High,Young,2913.501,Yes,Yes,Yes,East,1350
63.095,8117,589,4,30,14,22.29970679,0.173339904,High,Young,1892.85,No,No,Yes,South,1407
15.045,1311,138,3,64,16,0,0,Low,Middle-aged,962.88,No,No,No,South,0
80.616,5308,394,1,57,7,2.530515034,0.038432555,High,Middle-aged,4595.112,Yes,No,Yes,West,204
43.682,6922,511,1,49,9,24.74703539,0.156168737,Medium,Middle-aged,2140.418,No,No,Yes,South,1081
19.144,3291,269,2,75,13,7.730881738,0.044971133,Low,Retired,1435.8,Yes,No,No,East,148
20.089,2525,200,3,57,15,0,0,Low,Middle-aged,1145.073,Yes,No,Yes,East,0
53.598,3714,286,3,73,17,0,0,High,Middle-aged,3912.654,Yes,No,Yes,East,0
36.496,4378,339,3,69,15,10.0832968,0.084056647,Medium,Middle-aged,2518.224,Yes,No,Yes,West,368
49.57,6384,448,1,28,9,17.9745814,0.139567669,High,Young,1387.96,Yes,No,Yes,West,891
42.079,6626,479,2,44,9,24.90553483,0.158164805,Medium,Young,1851.476,No,No,No,West,1048
17.7,2860,235,4,63,16,5.028248588,0.031118881,Low,Middle-aged,1115.1,Yes,No,No,West,89
37.348,6378,458,1,72,17,25.9183892,0.151771715,Medium,Middle-aged,2689.056,Yes,No,No,South,968
20.103,2631,213,3,61,10,0,0,Low,Middle-aged,1226.283,No,No,Yes,East,0
64.027,5179,398,5,48,8,6.419166914,0.07935895,High,Young,3073.296,No,No,Yes,East,411
10.742,1757,156,3,57,15,0,0,Low,Middle-aged,612.294,Yes,No,No,South,0
14.09,4323,326,5,25,16,47.62242725,0.155216285,Low,Young,352.25,Yes,No,Yes,East,671
42.471,3625,289,6,44,12,15.39874267,0.180413793,Medium,Young,1868.724,Yes,Yes,No,South,654
32.793,4534,333,2,44,16,14.24084408,0.102999559,Medium,Young,1442.892,No,No,No,East,467
186.634,13414,949,2,41,14,9.692767663,0.134859102,High,Young,7651.994,Yes,No,Yes,East,1809
26.813,5611,411,4,55,16,34.12523776,0.163072536,Medium,Middle-aged,1474.715,Yes,No,No,South,915
34.142,5666,413,4,47,5,25.27678519,0.152312037,Medium,Young,1604.674,Yes,No,Yes,South,863
28.941,2733,210,5,43,16,0,0,Medium,Young,1244.463,No,No,Yes,West,0
134.181,7838,563,2,48,13,3.920078103,0.067108956,High,Young,6440.688,Yes,No,No,South,526
31.367,1829,162,4,30,10,0,0,Medium,Young,941.01,No,No,Yes,South,0
20.15,2646,199,2,25,14,0,0,Low,Young,503.75,Yes,No,Yes,West,0
23.35,2558,220,3,49,12,17.94432548,0.163799844,Low,Middle-aged,1144.15,Yes,Yes,No,South,419
62.413,6457,455,2,71,11,12.20899492,0.11801146,High,Middle-aged,4431.323,Yes,No,Yes,South,762
30.007,6481,462,2,69,9,36.42483421,0.168646814,Medium,Middle-aged,2070.483,Yes,No,Yes,South,1093
11.795,3899,300,4,25,10,45.01907588,0.136188766,Low,Young,294.875,Yes,No,No,South,531
13.647,3461,264,4,47,14,25.2070052,0.099393239,Low,Young,641.409,No,No,Yes,South,344
34.95,3327,253,3,54,14,1.430615165,0.015028554,Medium,Middle-aged,1887.3,Yes,No,No,East,50
113.659,7659,538,2,66,15,10.16197573,0.150802977,High,Middle-aged,7501.494,No,Yes,Yes,East,1155
44.158,4763,351,2,66,13,8.71869197,0.080831409,Medium,Middle-aged,2914.428,Yes,No,Yes,West,385
36.929,6257,445,1,24,14,26.42909367,0.155985296,Medium,Young,886.296,Yes,No,Yes,West,976
31.861,6375,469,3,25,16,35.15269452,0.175686275,Medium,Young,796.525,Yes,No,Yes,South,1120
77.38,7569,564,3,50,12,12.88446627,0.131721496,High,Middle-aged,3869,Yes,No,Yes,South,997
19.531,5043,376,2,64,16,63.54001331,0.24608368,Low,Middle-aged,1249.984,Yes,Yes,Yes,West,1241
44.646,4431,320,2,49,15,17.85154325,0.179869104,Medium,Middle-aged,2187.654,No,Yes,Yes,South,797
44.522,2252,205,6,72,15,0,0,Medium,Middle-aged,3205.584,No,No,Yes,West,0
43.479,4569,354,4,49,13,20.74564732,0.197417378,Medium,Middle-aged,2130.471,No,Yes,Yes,East,902
36.362,5183,376,3,49,15,17.98580936,0.126181748,Medium,Middle-aged,1781.738,No,No,Yes,East,654
39.705,3969,301,2,27,20,5.314192167,0.053162006,Medium,Young,1072.035,No,No,Yes,East,211
44.205,5441,394,1,32,12,13.73147834,0.111560375,Medium,Young,1414.56,No,No,Yes,South,607
16.304,5466,413,4,66,10,58.69725221,0.175082327,Low,Middle-aged,1076.064,No,No,Yes,West,957
15.333,1499,138,2,47,9,0,0,Low,Young,720.651,Yes,No,Yes,West,0
32.916,1786,154,2,60,8,0,0,Medium,Middle-aged,1974.96,Yes,No,Yes,West,0
57.1,4742,372,7,79,18,6.637478109,0.079924083,High,Retired,4510.9,Yes,No,Yes,West,379
76.273,4779,367,4,65,14,1.743736316,0.02783009,High,Middle-aged,4957.745,Yes,No,Yes,South,133
10.354,3480,281,2,70,17,32.16148348,0.095689655,Low,Middle-aged,724.78,No,No,Yes,South,333
51.872,5294,390,4,81,17,10.23673658,0.100302229,High,Retired,4201.632,Yes,No,No,South,531
35.51,5198,364,2,35,20,17.76964235,0.121392843,Medium,Young,1242.85,Yes,No,No,West,631
21.238,3089,254,3,59,10,5.085224597,0.034962771,Low,Middle-aged,1253.042,Yes,No,No,South,108
30.682,1671,160,2,77,7,0,0,Medium,Retired,2362.514,Yes,No,No,South,0
14.132,2998,251,4,75,17,9.411265214,0.044362909,Low,Retired,1059.9,No,No,No,South,133
32.164,2937,223,2,79,15,0,0,Medium,Retired,2540.956,Yes,No,Yes,East,0
12,4160,320,4,28,14,50.16666667,0.144711538,Low,Young,336,Yes,No,Yes,South,602
113.829,9704,694,4,38,13,12.19372919,0.1430338,High,Young,4325.502,Yes,No,Yes,West,1388
11.187,5099,380,4,69,16,79.46723876,0.174347911,Low,Middle-aged,771.903,Yes,No,No,East,889
27.847,5619,418,2,78,15,29.51844005,0.146289375,Medium,Retired,2172.066,Yes,No,Yes,South,822
49.502,6819,505,4,55,14,21.89810513,0.158967591,High,Middle-aged,2722.61,No,No,Yes,South,1084
24.889,3954,318,4,75,12,14.34368597,0.090288316,Low,Retired,1866.675,No,No,Yes,South,357
58.781,7402,538,2,81,12,18.76456678,0.14901378,High,Retired,4761.261,Yes,No,Yes,West,1103
22.939,4923,355,1,47,18,28.90274206,0.134673979,Low,Young,1078.133,Yes,No,Yes,West,663
23.989,4523,338,4,31,15,25.05314936,0.132876409,Low,Young,743.659,No,No,No,South,601
16.103,5390,418,4,45,10,58.68471713,0.175324675,Low,Young,724.635,Yes,No,Yes,South,945
33.017,3180,224,2,28,16,0.878335403,0.009119497,Medium,Young,924.476,No,No,Yes,East,29
30.622,3293,251,1,68,16,17.37313043,0.161554813,Medium,Middle-aged,2082.296,No,Yes,No,South,532
20.936,3254,253,1,30,15,6.925869316,0.044560541,Low,Young,628.08,Yes,No,No,West,145
110.968,6662,468,3,45,11,3.523538317,0.058691084,High,Young,4993.56,Yes,No,Yes,South,391
15.354,2101,171,2,65,14,0,0,Low,Middle-aged,998.01,No,No,No,West,0
27.369,3449,288,3,40,9,5.919105557,0.046970136,Medium,Young,1094.76,Yes,No,Yes,South,162
53.48,4263,317,1,83,15,1.851159312,0.023223082,High,Retired,4438.84,No,No,No,South,99
23.672,4433,344,3,63,11,21.24873268,0.113467178,Low,Middle-aged,1491.336,No,No,No,South,503
19.225,1433,122,3,38,14,0,0,Low,Young,730.55,Yes,No,No,South,0
43.54,2906,232,4,69,11,0,0,Medium,Middle-aged,3004.26,No,No,No,South,0
152.298,12066,828,4,41,12,11.68104637,0.147439085,High,Young,6244.218,Yes,No,Yes,West,1779
55.367,6340,448,1,33,15,14.71995954,0.128548896,High,Young,1827.111,No,No,Yes,South,815
11.741,2271,182,4,59,12,0,0,Low,Middle-aged,692.719,Yes,No,No,West,0
15.56,4307,352,4,57,8,37.21079692,0.134432319,Low,Middle-aged,886.92,No,No,Yes,East,579
59.53,7518,543,3,52,9,19.75474551,0.156424581,High,Middle-aged,3095.56,Yes,No,No,East,1176
20.191,5767,431,4,42,16,50.66613838,0.17738859,Low,Young,848.022,No,No,Yes,East,1023
48.498,6040,456,3,47,16,16.74295847,0.134437086,High,Young,2279.406,No,No,Yes,South,812
30.733,2832,249,4,51,13,0,0,Medium,Middle-aged,1567.383,No,No,No,South,0
16.479,5435,388,2,26,16,56.86024637,0.172401104,Low,Young,428.454,No,No,No,East,937
38.009,3075,245,3,45,15,0,0,Medium,Young,1710.405,Yes,No,No,East,0
14.084,855,120,5,46,17,0,0,Low,Young,647.864,Yes,No,Yes,East,0
14.312,5382,367,1,59,17,96.42258245,0.256410256,Low,Middle-aged,844.408,No,Yes,No,West,1380
26.067,3388,266,4,74,17,5.946215522,0.045749705,Medium,Retired,1928.958,Yes,No,Yes,East,155
36.295,2963,241,2,68,14,10.33200165,0.126560918,Medium,Middle-aged,2468.06,Yes,Yes,No,East,375
83.851,8494,607,5,47,18,15.63487615,0.154344243,High,Young,3940.997,No,No,No,South,1311
21.153,3736,256,1,41,11,14.08783624,0.079764454,Low,Young,867.273,No,No,No,South,298
17.976,2433,190,3,70,16,23.976413,0.177147554,Low,Middle-aged,1258.32,Yes,Yes,No,South,431
68.713,7582,531,2,56,16,23.09606625,0.209311527,High,Middle-aged,3847.928,No,Yes,No,South,1587
146.183,9540,682,6,66,15,7.182777751,0.110062893,High,Middle-aged,9648.078,No,No,No,South,1050
15.846,4768,365,4,53,12,47.01501956,0.15625,Low,Middle-aged,839.838,Yes,No,No,South,745
12.031,3182,259,2,58,18,17.45490815,0.065996229,Low,Middle-aged,697.798,Yes,No,Yes,South,210
16.819,1337,115,2,74,15,0,0,Low,Retired,1244.606,No,No,Yes,West,0
39.11,3189,263,3,72,12,0,0,Medium,Middle-aged,2815.92,No,No,No,West,0
107.986,6033,449,4,64,14,2.102124349,0.037626388,High,Middle-aged,6911.104,No,No,Yes,South,227
13.561,3261,279,5,37,19,21.90103975,0.091076357,Low,Young,501.757,No,No,Yes,West,297
34.537,3271,250,3,57,17,1.360859368,0.014368695,Medium,Middle-aged,1968.609,Yes,No,Yes,West,47
28.575,2959,231,2,60,11,0,0,Medium,Middle-aged,1714.5,Yes,No,No,East,0
46.007,6637,491,4,42,14,22.73567066,0.157601326,Medium,Young,1932.294,No,No,Yes,South,1046
69.251,6386,474,4,30,12,11.09009256,0.120263075,High,Young,2077.53,Yes,No,Yes,West,768
16.482,3326,268,4,41,15,16.44217935,0.081479254,Low,Young,675.762,No,No,No,South,271
40.442,4828,369,5,81,8,12.61065229,0.105633803,Medium,Retired,3275.802,Yes,No,No,East,510
35.177,2117,186,3,62,16,0,0,Medium,Middle-aged,2180.974,Yes,No,No,South,0
91.362,9113,626,1,47,17,14.67787483,0.14715242,High,Young,4294.014,No,No,Yes,West,1341
27.039,2161,173,3,40,17,0,0,Medium,Young,1081.56,Yes,No,No,South,0
23.012,1410,137,3,81,16,0,0,Low,Retired,1863.972,No,No,No,South,0
27.241,1402,128,2,67,15,0,0,Medium,Middle-aged,1825.147,Yes,No,Yes,West,0
148.08,8157,599,2,83,13,3.065910319,0.055657717,High,Retired,12290.64,No,No,Yes,South,454
62.602,7056,481,1,84,11,14.44043321,0.128117914,High,Retired,5258.568,Yes,No,No,South,904
11.808,1300,117,3,77,14,0,0,Low,Retired,909.216,Yes,No,No,East,0
29.564,2529,192,1,30,12,0,0,Medium,Young,886.92,Yes,No,Yes,South,0
27.578,2531,195,1,34,15,0,0,Medium,Young,937.652,Yes,No,Yes,South,0
26.427,5533,433,5,50,15,53.12748326,0.253750226,Medium,Middle-aged,1321.35,Yes,Yes,Yes,West,1404
57.202,3411,259,3,72,11,0,0,High,Middle-aged,4118.544,Yes,No,No,South,0
123.299,8376,610,2,89,17,10.21095062,0.150310411,High,Retired,10973.611,No,Yes,No,East,1259
18.145,3461,279,3,56,15,14.05345825,0.073678128,Low,Middle-aged,1016.12,No,No,Yes,East,255
23.793,3821,281,4,56,12,36.48131803,0.227165663,Low,Middle-aged,1332.408,Yes,Yes,Yes,East,868
10.726,1568,162,5,46,19,0,0,Low,Young,493.396,No,No,Yes,West,0
23.283,5443,407,4,49,13,39.17021002,0.167554657,Low,Middle-aged,1140.867,No,No,Yes,East,912
21.455,5829,427,4,80,12,47.44814729,0.174644021,Low,Retired,1716.4,Yes,No,Yes,East,1018
34.664,5835,452,3,77,15,24.08839141,0.143101971,Medium,Retired,2669.128,Yes,No,Yes,East,835
44.473,3500,257,3,81,16,0.179884424,0.002285714,Medium,Retired,3602.313,Yes,No,No,East,8
54.663,4116,314,2,70,8,1.372043247,0.018221574,High,Middle-aged,3826.41,Yes,No,No,East,75
36.355,3613,278,4,35,9,5.143721634,0.051757542,Medium,Young,1272.425,No,No,Yes,West,187
21.374,2073,175,2,74,11,0,0,Low,Retired,1581.676,Yes,No,Yes,South,0
107.841,10384,728,3,87,7,14.80883894,0.153794299,High,Retired,9382.167,No,No,No,East,1597
39.831,6045,459,3,32,12,35.77615425,0.23573201,Medium,Young,1274.592,Yes,Yes,Yes,East,1425
91.876,6754,483,2,33,10,6.584962341,0.089576547,High,Young,3031.908,No,No,Yes,South,605
103.893,7416,549,3,84,17,6.439317375,0.090210356,High,Retired,8727.012,No,No,No,West,669
19.636,4896,387,3,64,10,36.158077,0.14501634,Low,Middle-aged,1256.704,Yes,No,No,East,710
17.392,2748,228,3,32,14,3.909843606,0.024745269,Low,Young,556.544,No,No,Yes,South,68
19.529,4673,341,2,51,14,32.87418711,0.137384978,Low,Middle-aged,995.979,No,No,No,West,642
17.055,5110,371,3,55,15,47.20023454,0.157534247,Low,Middle-aged,938.025,Yes,No,Yes,South,805
23.857,1501,150,3,56,16,0,0,Low,Middle-aged,1335.992,No,No,Yes,South,0
15.184,2420,192,2,69,11,0,0,Low,Middle-aged,1047.696,Yes,No,Yes,South,0
13.444,886,121,5,44,10,0,0,Low,Young,591.536,No,No,Yes,West,0
63.931,5728,435,3,28,14,9.087922917,0.101431564,High,Young,1790.068,Yes,No,Yes,East,581
35.864,4831,353,3,66,13,14.88958287,0.110536121,Medium,Middle-aged,2367.024,Yes,No,Yes,South,534
41.419,2120,184,4,24,11,3.766387407,0.073584906,Medium,Young,994.056,Yes,Yes,No,South,156
92.112,4612,344,3,32,17,0,0,High,Young,2947.584,No,No,No,South,0
55.056,3155,235,2,31,16,0,0,High,Young,1706.736,No,No,Yes,East,0
19.537,1362,143,4,34,9,0,0,Low,Young,664.258,Yes,No,Yes,West,0
31.811,4284,338,5,75,13,13.4859011,0.100140056,Medium,Retired,2385.825,Yes,No,Yes,South,429
56.256,5521,406,2,72,16,18.13139932,0.18474914,High,Middle-aged,4050.432,Yes,Yes,Yes,South,1020
42.357,5550,406,2,83,12,15.41657813,0.117657658,Medium,Retired,3515.631,Yes,No,Yes,West,653
53.319,3000,235,3,53,13,0,0,High,Middle-aged,2825.907,No,No,No,West,0
12.238,4865,381,5,67,11,68.31181566,0.171839671,Low,Middle-aged,819.946,Yes,No,No,South,836
31.353,1705,160,3,81,14,0,0,Medium,Retired,2539.593,No,No,Yes,South,0
63.809,7530,515,1,56,12,17.0195427,0.144223108,High,Middle-aged,3573.304,No,No,Yes,South,1086
13.676,2330,203,5,80,16,0,0,Low,Retired,1094.08,Yes,No,No,East,0
76.782,5977,429,4,44,12,7.137089422,0.091684792,High,Young,3378.408,No,No,Yes,West,548
25.383,4527,367,4,46,11,22.45597447,0.125911199,Medium,Young,1167.618,No,No,Yes,South,570
35.691,2880,214,2,35,15,0,0,Medium,Young,1249.185,No,No,No,East,0
29.403,2327,178,1,37,14,0,0,Medium,Young,1087.911,Yes,No,Yes,South,0
27.47,2820,219,1,32,11,0,0,Medium,Young,879.04,Yes,No,Yes,West,0
27.33,6179,459,4,36,12,40.212221,0.177860495,Medium,Young,983.88,Yes,No,Yes,South,1099
34.772,2021,167,3,57,9,0,0,Medium,Middle-aged,1982.004,No,No,No,West,0
36.934,4270,299,1,63,9,7.662316565,0.066276347,Medium,Middle-aged,2326.842,Yes,No,Yes,South,283
76.348,4697,344,4,60,18,1.414575365,0.0229934,High,Middle-aged,4580.88,No,No,No,West,108
14.887,4745,339,3,58,12,48.63303553,0.152581665,Low,Middle-aged,863.446,No,No,Yes,East,724
121.834,10673,750,3,54,16,12.91101006,0.147381242,High,Middle-aged,6579.036,No,No,No,East,1573
30.132,2168,206,3,52,17,0,0,Medium,Middle-aged,1566.864,No,No,No,South,0
24.05,2607,221,4,32,18,0,0,Low,Young,769.6,No,No,Yes,South,0
22.379,3965,292,2,34,14,17.15894365,0.096847415,Low,Young,760.886,Yes,No,Yes,West,384
28.316,4391,316,2,29,10,15.99802232,0.103165566,Medium,Young,821.164,Yes,No,No,South,453
58.026,7499,560,5,67,11,21.31802985,0.164955327,High,Middle-aged,3887.742,Yes,No,No,South,1237
10.635,3584,294,5,69,16,39.77433004,0.118024554,Low,Middle-aged,733.815,No,No,Yes,West,423
46.102,5180,382,3,81,12,11.19257299,0.0996139,High,Retired,3734.262,No,No,Yes,East,516
58.929,6420,459,2,66,9,13.38899353,0.122897196,High,Middle-aged,3889.314,Yes,No,Yes,East,789
80.861,4090,335,3,29,15,0,0,High,Young,2344.969,Yes,No,Yes,West,0
158.889,11589,805,1,62,17,9.11328034,0.12494607,High,Middle-aged,9851.118,Yes,No,Yes,South,1448
30.42,4442,316,1,30,14,14.79289941,0.101305718,Medium,Young,912.6,Yes,No,No,East,450
36.472,3806,309,2,52,13,5.154639175,0.049395691,Medium,Middle-aged,1896.544,No,No,No,East,188
23.365,2179,167,2,75,15,0,0,Low,Retired,1752.375,No,No,No,West,0
83.869,7667,554,2,83,11,11.0887217,0.121299074,High,Retired,6961.127,No,No,No,East,930
58.351,4411,326,2,85,16,2.159346027,0.028564951,High,Retired,4959.835,Yes,No,Yes,South,126
55.187,5352,385,4,50,17,9.748672695,0.100523169,High,Middle-aged,2759.35,Yes,No,Yes,South,538
124.29,9560,701,3,52,17,13.57309518,0.176464435,High,Middle-aged,6463.08,Yes,Yes,No,West,1687
28.508,3933,287,4,56,14,11.78616529,0.085430969,Medium,Middle-aged,1596.448,No,No,Yes,West,336
130.209,10088,730,7,39,19,10.95162393,0.141356067,High,Young,5078.151,Yes,No,Yes,South,1426
30.406,2120,181,2,79,14,0,0,Medium,Retired,2402.074,No,No,Yes,East,0
23.883,5384,398,2,73,16,33.58037098,0.148959881,Low,Middle-aged,1743.459,Yes,No,Yes,East,802
93.039,7398,517,1,67,12,8.050387472,0.101243579,High,Middle-aged,6233.613,No,No,Yes,East,749
50.699,3977,304,2,84,17,1.360973589,0.017349761,High,Retired,4258.716,Yes,No,No,East,69
27.349,2000,169,4,51,16,0,0,Medium,Middle-aged,1394.799,Yes,No,Yes,East,0
10.403,4159,310,3,43,7,54.88801307,0.137292618,Low,Young,447.329,No,No,Yes,West,571
23.949,5343,383,2,40,18,34.61522402,0.155156279,Low,Young,957.96,No,No,Yes,East,829
73.914,7333,529,6,67,15,14.17864004,0.142915587,High,Middle-aged,4952.238,Yes,No,Yes,South,1048
21.038,1448,145,2,58,13,0,0,Low,Middle-aged,1220.204,Yes,No,Yes,South,0
68.206,6784,499,5,40,16,20.68732956,0.207989387,High,Young,2728.24,Yes,Yes,No,East,1411
57.337,5310,392,2,45,7,7.952979751,0.085875706,High,Young,2580.165,Yes,No,No,South,456
10.793,3878,321,8,29,13,59.11238766,0.164517793,Low,Young,312.997,No,No,No,South,638
23.45,2450,180,2,78,13,0,0,Low,Retired,1829.1,No,No,No,South,0
10.842,4391,358,5,37,10,112.1564287,0.276930084,Low,Young,401.154,Yes,Yes,Yes,South,1216
51.345,4327,320,3,46,15,4.479501412,0.053154611,High,Young,2361.87,No,No,No,East,230
151.947,9156,642,2,91,11,4.817469249,0.079947575,High,Retired,13827.177,Yes,No,Yes,East,732
24.543,3206,243,2,62,12,3.870757446,0.02963194,Low,Middle-aged,1521.666,Yes,No,Yes,South,95
29.567,5309,397,3,25,15,27.02337065,0.150499152,Medium,Young,739.175,No,No,No,South,799
39.145,4351,323,2,66,13,7.868182399,0.070788325,Medium,Middle-aged,2583.57,No,No,Yes,South,308
39.422,5245,383,2,44,19,16.15849018,0.121448999,Medium,Young,1734.568,No,No,No,East,637
34.909,5289,410,2,62,16,19.5078633,0.128757799,Medium,Middle-aged,2164.358,Yes,No,Yes,South,681
41.025,4229,337,3,79,19,5.996343693,0.05816978,Medium,Retired,3240.975,Yes,No,Yes,South,246
15.476,2762,215,3,60,18,3.360041354,0.018826937,Low,Middle-aged,928.56,No,No,No,West,52
12.456,5395,392,3,65,14,76.66987797,0.177015755,Low,Middle-aged,809.64,No,No,Yes,South,955
10.627,1647,149,2,71,10,18.34948716,0.118397086,Low,Middle-aged,754.517,Yes,Yes,Yes,West,195
38.954,5222,370,4,76,13,16.76336191,0.125047874,Medium,Retired,2960.504,Yes,No,No,South,653
44.847,5765,437,3,53,13,27.78335229,0.21613183,Medium,Middle-aged,2376.891,Yes,Yes,No,West,1246
98.515,8760,633,5,78,11,12.48540831,0.140410959,High,Retired,7684.17,Yes,No,No,East,1230
33.437,6207,451,4,44,9,46.32592637,0.249556952,Medium,Young,1471.228,No,Yes,No,South,1549
27.512,4613,344,5,72,17,20.82727537,0.124214177,Medium,Middle-aged,1980.864,No,No,Yes,West,573
121.709,7818,584,4,50,6,5.759639797,0.089664876,High,Middle-aged,6085.45,No,No,Yes,South,701
15.079,5673,411,4,28,15,71.29119968,0.189494095,Low,Young,422.212,Yes,No,Yes,West,1075
59.879,6906,527,6,78,15,17.23475676,0.149435274,High,Retired,4670.562,Yes,No,No,South,1032
66.989,5614,430,3,47,14,7.195211154,0.085856787,High,Young,3148.483,Yes,No,Yes,South,482
69.165,4668,341,2,34,11,2.255476036,0.033419023,High,Young,2351.61,Yes,No,No,East,156
69.943,7555,547,3,76,9,15.12660309,0.140039709,High,Retired,5315.668,No,No,Yes,West,1058
33.214,5137,387,3,59,9,19.90124646,0.128674324,Medium,Middle-aged,1959.626,No,No,No,East,661
25.124,4776,378,4,29,12,26.15029454,0.137562814,Medium,Young,728.596,No,No,Yes,South,657
15.741,4788,360,1,39,14,43.77104377,0.14390142,Low,Young,613.899,No,No,Yes,West,689
11.603,2278,187,3,71,11,0,0,Low,Middle-aged,823.813,No,No,Yes,South,0
69.656,8244,579,3,41,14,19.07947628,0.161208151,High,Young,2855.896,No,No,Yes,East,1329
10.503,2923,232,3,25,18,18.1852804,0.065343825,Low,Young,262.575,Yes,No,Yes,East,191
42.529,4986,369,2,37,11,11.49803663,0.098074609,Medium,Young,1573.573,No,No,Yes,West,489
60.579,5149,388,5,38,15,7.31276515,0.086036124,High,Young,2302.002,No,No,Yes,West,443
26.532,2910,236,6,58,19,1.959897482,0.017869416,Medium,Middle-aged,1538.856,Yes,No,Yes,South,52
27.952,3557,263,1,35,13,5.831425301,0.045825134,Medium,Young,978.32,Yes,No,Yes,West,163
29.705,3351,262,5,71,14,4.982326208,0.044165921,Medium,Middle-aged,2109.055,Yes,No,Yes,West,148
15.602,906,103,2,36,11,0,0,Low,Young,561.672,No,No,Yes,East,0
20.918,1233,128,3,47,18,0.764891481,0.01297648,Low,Young,983.146,Yes,Yes,Yes,West,16
58.165,6617,460,1,56,12,14.71675406,0.12936376,High,Middle-aged,3257.24,Yes,No,Yes,South,856
22.561,1787,147,4,66,15,0,0,Low,Middle-aged,1489.026,Yes,No,No,South,0
34.509,2001,189,5,80,18,0,0,Medium,Retired,2760.72,Yes,No,Yes,East,0
19.588,3211,265,4,59,14,10.15928119,0.061974463,Low,Middle-aged,1155.692,Yes,No,No,West,199
36.364,2220,188,3,50,19,0,0,Medium,Middle-aged,1818.2,No,No,No,South,0
15.717,905,93,1,38,16,0,0,Low,Young,597.246,No,Yes,Yes,South,0
22.574,1551,134,3,43,13,4.341277576,0.063185042,Low,Young,970.682,Yes,Yes,Yes,South,98
10.363,2430,191,2,47,18,0,0,Low,Young,487.061,Yes,No,Yes,West,0
28.474,3202,267,5,66,12,4.635808106,0.041224235,Medium,Middle-aged,1879.284,No,No,Yes,South,132
72.945,8603,621,3,64,8,18.57563918,0.157503197,High,Middle-aged,4668.48,Yes,No,No,South,1355
85.425,5182,402,6,60,12,2.551946152,0.042068699,High,Middle-aged,5125.5,No,No,Yes,East,218
36.508,6386,469,4,79,6,28.70603703,0.164108988,Medium,Retired,2884.132,Yes,No,Yes,South,1048
58.063,4221,304,3,50,8,2.032275287,0.027955461,High,Middle-aged,2903.15,No,No,No,East,118
25.936,1774,135,2,71,14,0,0,Medium,Middle-aged,1841.456,Yes,No,No,West,0
15.629,2493,186,1,60,14,0,0,Low,Middle-aged,937.74,No,No,Yes,West,0
41.4,2561,215,2,36,14,0,0,Medium,Young,1490.4,No,No,Yes,South,0
33.657,6196,450,6,55,9,32.44495944,0.176242737,Medium,Middle-aged,1851.135,Yes,No,No,South,1092
67.937,5184,383,4,63,12,5.078234246,0.066550926,High,Middle-aged,4280.031,No,No,Yes,West,345
180.379,9310,665,3,67,8,5.821076733,0.112781955,High,Middle-aged,12085.393,Yes,Yes,Yes,West,1050
10.588,4049,296,1,66,13,43.91764261,0.114843171,Low,Middle-aged,698.808,Yes,No,Yes,South,465
29.725,3536,270,2,52,15,4.474348192,0.037613122,Medium,Middle-aged,1545.7,Yes,No,No,East,133
27.999,5107,380,1,55,10,23.25083039,0.127472097,Medium,Middle-aged,1539.945,No,No,Yes,South,651
40.885,5013,379,3,46,13,13.42790755,0.10951526,Medium,Young,1880.71,Yes,No,Yes,East,549
88.83,4952,360,4,86,16,0.168861871,0.003029079,High,Retired,7639.38,Yes,No,Yes,South,15
29.638,5833,433,3,29,15,31.78352116,0.161494943,Medium,Young,859.502,Yes,No,Yes,West,942
25.988,1349,142,4,82,12,0,0,Medium,Retired,2131.016,No,No,No,South,0
39.055,5565,410,4,48,18,19.76699526,0.138724169,Medium,Young,1874.64,Yes,No,Yes,South,772
15.866,3085,217,1,39,13,8.571788731,0.044084279,Low,Young,618.774,No,No,No,South,136
44.978,4866,347,1,30,10,9.693627996,0.089601315,Medium,Young,1349.34,Yes,No,No,South,436
30.413,3690,299,2,25,15,23.93713215,0.197289973,Medium,Young,760.325,Yes,Yes,No,West,728
16.751,4706,353,6,48,14,74.92090024,0.266680833,Low,Young,804.048,No,Yes,No,West,1255
30.55,5869,439,5,81,9,31.65302782,0.164764014,Medium,Retired,2474.55,Yes,No,No,East,967
163.329,8732,636,3,50,14,3.238861439,0.060581768,High,Middle-aged,8166.45,No,No,Yes,South,529
23.106,3476,257,2,50,15,9.045269627,0.060126582,Low,Middle-aged,1155.3,Yes,No,No,South,209
41.532,5000,353,2,50,12,12.78532216,0.1062,Medium,Middle-aged,2076.6,No,No,Yes,South,531
128.04,6982,518,2,78,11,1.952514839,0.035806359,High,Retired,9987.12,Yes,No,Yes,South,250
54.319,3063,248,3,59,8,4.952226661,0.087822396,High,Middle-aged,3204.821,Yes,Yes,No,South,269
53.401,5319,377,3,35,12,10.13089643,0.101710848,High,Young,1869.035,Yes,No,No,East,541
36.142,1852,183,3,33,13,0,0,Medium,Young,1192.686,Yes,No,No,East,0
63.534,8100,581,2,50,17,20.43000598,0.160246914,High,Middle-aged,3176.7,Yes,No,Yes,South,1298
49.927,6396,485,3,75,17,17.826026,0.139149468,High,Retired,3744.525,Yes,No,Yes,South,890
14.711,2047,167,2,67,6,0,0,Low,Middle-aged,985.637,No,No,Yes,South,0
18.967,1626,156,2,41,11,0,0,Low,Young,777.647,Yes,No,Yes,West,0
18.036,1552,142,2,48,15,0,0,Low,Young,865.728,Yes,No,No,South,0
60.449,3098,272,4,69,8,0,0,High,Middle-aged,4170.981,No,No,Yes,South,0
16.711,5274,387,3,42,16,51.6426306,0.163632916,Low,Young,701.862,Yes,No,Yes,West,863
10.852,3907,296,2,30,9,44.69222263,0.124136166,Low,Young,325.56,No,No,No,South,485
26.37,3235,268,5,78,11,6.029579067,0.049149923,Medium,Retired,2056.86,No,No,Yes,West,159
24.088,3665,287,4,56,13,12.82796413,0.08431105,Low,Middle-aged,1348.928,Yes,No,Yes,South,309
51.532,5096,380,2,31,15,9.334006054,0.094387755,High,Young,1597.492,No,No,Yes,South,481
140.672,11200,817,7,46,9,11.92134895,0.149732143,High,Young,6470.912,No,No,Yes,East,1677
42.915,2532,205,4,42,13,0,0,Medium,Young,1802.43,No,No,Yes,West,0
27.272,1389,149,5,67,10,0,0,Medium,Middle-aged,1827.224,Yes,No,Yes,South,0
65.896,5140,370,1,49,17,4.446400388,0.057003891,High,Middle-aged,3228.904,Yes,No,Yes,South,293
55.054,4381,321,3,74,17,3.414829077,0.042912577,High,Retired,4073.996,No,No,Yes,West,188
20.791,2672,204,1,70,18,0,0,Low,Middle-aged,1455.37,Yes,No,No,East,0
24.919,5051,372,3,76,11,28.53244512,0.140764205,Medium,Retired,1893.844,Yes,No,Yes,East,711
21.786,4632,355,1,50,17,26.62260167,0.125215889,Low,Middle-aged,1089.3,No,No,Yes,South,580
31.335,3526,289,3,38,7,5.48906973,0.048780488,Medium,Young,1190.73,Yes,No,No,South,172
59.855,4964,365,1,46,13,4.928577395,0.059427881,High,Young,2753.33,Yes,No,Yes,South,295
44.061,4970,352,1,79,11,9.396064547,0.083299799,Medium,Retired,3480.819,No,No,Yes,East,414
82.706,7506,536,2,64,13,10.94237419,0.12057021,High,Middle-aged,5293.184,Yes,No,Yes,West,905
24.46,1924,165,2,50,14,0,0,Low,Middle-aged,1223,Yes,No,Yes,West,0
45.12,3762,287,3,80,8,1.55141844,0.018607124,Medium,Retired,3609.6,No,No,Yes,South,70
75.406,3874,298,3,41,14,0,0,High,Young,3091.646,Yes,No,Yes,West,0
14.956,4640,332,2,33,6,45.53356512,0.146767241,Low,Young,493.548,No,No,No,West,681
75.257,7010,494,3,34,18,11.75970342,0.126248217,High,Young,2558.738,Yes,No,Yes,South,885
33.694,4891,369,1,52,16,30.74731406,0.211817624,Medium,Middle-aged,1752.088,No,Yes,No,East,1036
23.375,5429,396,3,57,15,36.10695187,0.155461411,Low,Middle-aged,1332.375,Yes,No,Yes,South,844
27.825,5227,386,6,63,11,29.57771788,0.157451693,Medium,Middle-aged,1752.975,No,No,Yes,South,823
92.386,7685,534,2,75,18,9.124759163,0.109694209,High,Retired,6928.95,Yes,No,Yes,West,843
115.52,9272,656,2,69,14,9.868421053,0.12295082,High,Middle-aged,7970.88,No,No,No,East,1140
14.479,3907,296,3,43,16,31.9773465,0.118505247,Low,Young,622.597,No,No,Yes,South,463
52.179,7306,522,2,57,14,21.88619943,0.156309882,High,Middle-aged,2974.203,No,No,No,West,1142
68.462,4712,340,2,71,16,1.986503462,0.028862479,High,Middle-aged,4860.802,No,No,Yes,South,136
18.951,1485,129,3,82,13,0,0,Low,Retired,1553.982,Yes,No,No,South,0
27.59,2586,229,5,54,16,0,0,Medium,Middle-aged,1489.86,No,No,Yes,East,0
16.279,1160,126,3,78,13,0.307144173,0.004310345,Low,Retired,1269.762,No,Yes,Yes,East,5
25.078,3096,236,2,27,15,3.229922641,0.026162791,Medium,Young,677.106,Yes,No,Yes,South,81
27.229,3484,282,6,51,11,9.732270741,0.076061998,Medium,Middle-aged,1388.679,No,No,No,South,265
182.728,13913,982,4,98,17,10.93975745,0.143678574,High,Retired,17907.344,No,No,Yes,South,1999
31.029,2863,223,2,66,17,13.37458507,0.144952847,Medium,Middle-aged,2047.914,No,Yes,Yes,West,415
17.765,5072,364,1,66,12,41.20461582,0.144321767,Low,Middle-aged,1172.49,Yes,No,Yes,South,732
125.48,10230,721,3,82,16,10.84635002,0.133040078,High,Retired,10289.36,No,No,Yes,South,1361
49.166,6662,508,3,68,14,20.0138307,0.147703392,High,Middle-aged,3343.288,Yes,No,No,West,984
41.192,3673,297,3,54,16,2.937463585,0.032943098,Medium,Middle-aged,2224.368,Yes,No,Yes,South,121
94.193,7576,527,2,44,16,8.981559139,0.111668427,High,Young,4144.492,Yes,No,Yes,South,846
20.405,4543,329,2,72,17,51.65400637,0.232005283,Low,Middle-aged,1469.16,No,Yes,No,West,1054
12.581,3976,291,2,48,16,37.67586042,0.119215292,Low,Young,603.888,No,No,Yes,South,474
62.328,5228,377,3,83,15,6.096778334,0.072685539,High,Retired,5173.224,No,No,No,South,380
21.011,3402,261,2,68,17,8.662129361,0.053497942,Low,Middle-aged,1428.748,No,No,Yes,East,182
24.23,4756,351,2,64,15,24.51506397,0.12489487,Low,Middle-aged,1550.72,Yes,No,Yes,South,594
24.314,3409,270,2,23,7,7.978942173,0.056908184,Low,Young,559.222,Yes,No,Yes,South,194
32.856,5884,438,4,68,13,28.18358899,0.157375935,Medium,Middle-aged,2234.208,No,No,No,South,926
12.414,855,119,3,32,12,0,0,Low,Young,397.248,No,No,Yes,East,0
41.365,5303,377,1,45,14,14.65006648,0.114274939,Medium,Young,1861.425,No,No,No,South,606
149.316,10278,707,1,80,16,7.41380696,0.107705779,High,Retired,11945.28,No,No,No,East,1107
27.794,3807,301,4,35,8,11.51327625,0.084055687,Medium,Young,972.79,Yes,No,Yes,East,320
13.234,3922,299,2,77,17,32.18981412,0.108618052,Low,Retired,1019.018,Yes,No,Yes,South,426
14.595,2955,260,5,37,9,13.97738952,0.069035533,Low,Young,540.015,No,No,Yes,East,204
10.735,3746,280,2,44,17,38.1928272,0.10945008,Low,Young,472.34,Yes,No,Yes,South,410
48.218,5199,401,7,39,10,13.12787756,0.121754183,High,Young,1880.502,No,No,Yes,West,633
30.012,1511,137,2,33,17,0,0,Medium,Young,990.396,No,No,Yes,South,0
21.551,5380,420,5,51,18,42.0862141,0.168587361,Low,Middle-aged,1099.101,No,No,Yes,West,907
160.231,10748,754,2,69,17,7.439259569,0.110904354,High,Middle-aged,11055.939,No,No,No,South,1192
13.433,1134,112,3,70,14,0,0,Low,Middle-aged,940.31,No,No,Yes,South,0
48.577,5145,389,3,71,13,10.35469461,0.09776482,High,Middle-aged,3448.967,Yes,No,Yes,West,503
30.002,1561,155,4,70,13,0,0,Medium,Middle-aged,2100.14,Yes,No,Yes,South,0
61.62,5140,374,1,71,9,4.901006167,0.058754864,High,Middle-aged,4375.02,No,No,Yes,South,302
104.483,7140,507,2,41,14,5.579855096,0.081652661,High,Young,4283.803,No,No,Yes,East,583
41.868,4716,342,2,47,18,10.15095061,0.090118745,Medium,Young,1967.796,No,No,No,South,425
12.068,3873,292,1,44,18,34.22273782,0.106635683,Low,Young,530.992,Yes,No,Yes,West,413
180.682,11966,832,2,58,8,7.776092804,0.117416012,High,Middle-aged,10479.556,Yes,No,Yes,East,1405
34.48,6090,442,3,36,14,27.90023202,0.157963875,Medium,Young,1241.28,No,No,No,South,962
39.609,2539,188,1,40,14,0,0,Medium,Young,1584.36,No,No,Yes,West,0
30.111,4336,339,1,81,18,11.52402776,0.080027675,Medium,Retired,2438.991,No,No,Yes,South,347
12.335,4471,344,3,79,12,49.53384678,0.136658466,Low,Retired,974.465,No,No,Yes,East,611
53.566,5891,434,4,82,10,13.29201359,0.120862332,High,Retired,4392.412,Yes,No,No,South,712
53.217,4943,362,2,46,16,7.178157356,0.077281003,High,Young,2447.982,Yes,No,Yes,West,382
26.162,5101,382,3,62,19,27.13859797,0.139188394,Medium,Middle-aged,1622.044,Yes,No,No,East,710
64.173,6127,433,1,80,10,9.006903215,0.094336543,High,Retired,5133.84,No,No,Yes,South,578
128.669,9824,685,3,67,16,9.660446572,0.126526873,High,Middle-aged,8620.823,No,No,Yes,West,1243
113.772,6442,489,4,69,15,6.943711985,0.122632723,High,Middle-aged,7850.268,No,Yes,Yes,South,790
61.069,7871,564,3,56,14,20.6978991,0.160589506,High,Middle-aged,3419.864,No,No,Yes,South,1264
23.793,3615,263,2,70,14,9.07830034,0.059751037,Low,Middle-aged,1665.51,No,No,No,East,216
89,5759,440,3,37,6,3.876404494,0.059906234,High,Young,3293,Yes,No,No,South,345
71.682,8028,599,3,57,16,16.85220836,0.150473343,High,Middle-aged,4085.874,No,No,Yes,South,1208
35.61,6135,466,4,40,12,27.85734344,0.161695192,Medium,Young,1424.4,No,No,No,South,992
39.116,2150,173,4,75,15,0,0,Medium,Retired,2933.7,No,No,No,South,0
19.782,3782,293,2,46,16,42.46284501,0.222104707,Low,Young,909.972,Yes,Yes,No,South,840
55.412,5354,383,2,37,16,18.1007724,0.187336571,High,Young,2050.244,Yes,Yes,Yes,South,1003
29.4,4840,368,3,76,18,20,0.121487603,Medium,Retired,2234.4,Yes,No,Yes,South,588
20.974,5673,413,5,44,16,47.67807762,0.176273577,Low,Young,922.856,Yes,No,Yes,South,1000
87.625,7167,515,2,46,10,8.7532097,0.107018278,High,Young,4030.75,Yes,No,No,East,767
28.144,1567,142,3,51,10,0,0,Medium,Middle-aged,1435.344,No,No,Yes,South,0
19.349,4941,366,1,33,19,37.05617861,0.145112325,Low,Young,638.517,No,No,Yes,South,717
53.308,2860,214,1,84,10,0,0,High,Retired,4477.872,No,No,Yes,South,0
115.123,7760,538,3,83,14,5.74168498,0.085180412,High,Retired,9555.209,Yes,No,No,East,661
101.788,8029,574,2,84,11,8.340865328,0.105741686,High,Retired,8550.192,No,No,Yes,South,849
24.824,5495,409,1,33,9,54.46342249,0.246041856,Low,Young,819.192,No,Yes,No,South,1352
14.292,3274,282,9,64,9,26.72823957,0.116676848,Low,Middle-aged,914.688,No,No,Yes,South,382
20.088,1870,180,3,76,16,0,0,Low,Retired,1526.688,No,No,No,East,0
26.4,5640,398,3,58,15,34.28030303,0.160460993,Medium,Middle-aged,1531.2,Yes,No,No,West,905
19.253,3683,287,4,57,10,19.2697242,0.100733098,Low,Middle-aged,1097.421,No,No,No,East,371
16.529,1357,126,3,62,9,0,0,Low,Middle-aged,1024.798,No,No,No,West,0
37.878,6827,482,2,80,13,29.80621997,0.165372785,Medium,Retired,3030.24,Yes,No,No,South,1129
83.948,7100,503,2,44,18,9.601181684,0.113521127,High,Young,3693.712,No,No,No,South,806
135.118,10578,747,3,81,15,10.30950725,0.13168841,High,Retired,10944.558,Yes,No,Yes,West,1393
73.327,6555,472,2,43,15,9.832667367,0.109992372,High,Young,3153.061,Yes,No,No,South,721
25.974,2308,196,2,24,10,0,0,Medium,Young,623.376,No,No,No,West,0
17.316,1335,138,2,65,13,0,0,Low,Middle-aged,1125.54,No,No,No,East,0
49.794,5758,410,4,40,8,14.74073182,0.127474818,High,Young,1991.76,No,No,No,South,734
12.096,4100,307,3,32,13,46.2962963,0.136585366,Low,Young,387.072,No,No,Yes,South,560
13.364,3838,296,5,65,17,35.91739,0.125065138,Low,Middle-aged,868.66,No,No,No,East,480
57.872,4171,321,5,67,12,2.38457285,0.033085591,High,Middle-aged,3877.424,Yes,No,Yes,South,138
37.728,2525,192,1,44,13,0,0,Medium,Young,1660.032,No,No,Yes,South,0
18.701,5524,415,5,64,7,51.65499171,0.17487328,Low,Middle-aged,1196.864,Yes,No,No,West,966
